primary_category,unique_chip_count,share_percent,generated,legacy_preexisting,project_collection_memberships,host_items_in_collection,examples
KARNAUGH / 4-VARIÁVEIS,28879,96.2633,28879,0,28879,0,KMAP4-A | KMAP4-B | KMAP4-C | KMAP4-D | KMAP4-E | KMAP4-F | KMAP4-LUT-0000 | KMAP4-LUT-0001
COMPARATORS,203,0.6767,203,0,203,0,COMPARE-10 | COMPARE-12 | COMPARE-14 | COMPARE-16 | COMPARE-2 | COMPARE-20 | COMPARE-24 | COMPARE-3
LOGIC UTILS,148,0.4933,148,0,148,0,AOI-22 | BUFFER-10 | BUFFER-12 | BUFFER-14 | BUFFER-16 | BUFFER-2 | BUFFER-20 | BUFFER-24
GATE BANKS,105,0.3500,105,0,105,0,AND-BANK-10 | AND-BANK-12 | AND-BANK-14 | AND-BANK-16 | AND-BANK-2 | AND-BANK-20 | AND-BANK-24 | AND-BANK-3
MULTI-GATES,89,0.2967,89,0,89,0,AND-10 | AND-11 | AND-12 | AND-13 | AND-14 | AND-16 | AND-20 | AND-24
SHIFTERS,71,0.2367,71,0,71,0,ASR-12 | ASR-16 | ASR-24 | ASR-32 | ASR-4 | ASR-6 | ASR-8 | BARREL-ROL-12
UTILITIES,71,0.2367,70,1,71,0,BITREV-12 | BITREV-16 | BITREV-2 | BITREV-24 | BITREV-3 | BITREV-32 | BITREV-4 | BITREV-5
PARITY / BITCOUNT,60,0.2000,60,0,60,0,PARITY-CHECK-10 | PARITY-CHECK-11 | PARITY-CHECK-12 | PARITY-CHECK-13 | PARITY-CHECK-14 | PARITY-CHECK-16 | PARITY-CHECK-2 | PARITY-CHECK-20
SHIFT REGISTERS,58,0.1933,58,0,58,0,PIPO-10 | PIPO-12 | PIPO-16 | PIPO-2 | PIPO-24 | PIPO-3 | PIPO-32 | PIPO-4
MUX / DEMUX,55,0.1833,55,0,55,0,DEMUX-16 | DEMUX-2 | DEMUX-2x12 | DEMUX-2x16 | DEMUX-2x2 | DEMUX-2x3 | DEMUX-2x4 | DEMUX-2x6
ARITHMETIC+,40,0.1333,40,0,40,0,ABS-10 | ABS-12 | ABS-16 | ABS-2 | ABS-24 | ABS-3 | ABS-32 | ABS-4
LOGIC,40,0.1333,0,40,41,1,(8 Bits) 8-bit Adder | 0 | 1 | 16 para 8 e 4 bits | 2-bit Adder | 4 - BITS Resgister | 4-bit Adder | 8 - Bits ADD
COUNTERS,34,0.1133,34,0,34,0,COUNT-DOWN-10 | COUNT-DOWN-12 | COUNT-DOWN-16 | COUNT-DOWN-2 | COUNT-DOWN-24 | COUNT-DOWN-3 | COUNT-DOWN-32 | COUNT-DOWN-4
INC / DEC,34,0.1133,34,0,34,0,DEC-10 | DEC-11 | DEC-12 | DEC-13 | DEC-14 | DEC-16 | DEC-2 | DEC-20
OTHER,21,0.0700,0,21,28,2,1-8MUX | 2-8MUX | 2-BIT_MULT | 4-8MUX | COMPUTER | COMPUTER-FIB | COUNTER | EQUAL-4
ENCODE / DECODE,18,0.0600,18,0,18,0,BCD-7SEG | DECODE-2x4 | DECODE-2x4-EN | DECODE-3x8 | DECODE-3x8-EN | DECODE-4x16 | DECODE-4x16-EN | DECODE-5x32
SUBTRACTORS,18,0.0600,18,0,18,0,10-bit Subtractor | 11-bit Subtractor | 12-bit Subtractor | 14-bit Subtractor | 16-bit Subtractor | 2-bit Subtractor | 20-bit Subtractor | 24-bit Subtractor
ADDERS,17,0.0567,17,0,17,0,10-bit Ripple Adder | 11-bit Ripple Adder | 12-bit Ripple Adder | 13-bit Ripple Adder | 14-bit Ripple Adder | 16-bit Ripple Adder | 2-bit Ripple Adder | 20-bit Ripple Adder
FLIP-FLOPS,17,0.0567,17,0,17,0,D-FF | D-FF-10 | D-FF-12 | D-FF-16 | D-FF-2 | D-FF-24 | D-FF-3 | D-FF-32
MEMORY,10,0.0333,0,10,10,1,16-REG | 16x16-REG | 256x8-REG | BYTE-REG | MTRX_16-REG | MTRX_REG | REG | SR-latch
TIMERS,6,0.0200,0,6,6,0,8-DELAY | DELAY | DELAY-RNG | DELAY1 | DELAY2 | T-400
ARITHMETIC,4,0.0133,0,4,4,0,1-ADD | 4-ADD | 8-ADD | ULA
BASIC,1,0.0033,0,1,1,3,BYTE 3-STATE BUFFER
UNCATEGORIZED / LEGACY,1,0.0033,0,1,0,0,EXERCICIO-ROL8
